user_id,text
916697613,
916697613,–ù–æ —á–µ—Å—Ç–Ω–æ —Å–∞–º –≤—Å–µ –ø—Ä–æ—Ä–µ—à–∞–ª)) 6/6
916697613,"–ü–æ—Å–ª–µ –ø–µ—Ä–≤–æ–π –≥—Ä—É–ø–ø—ã –ø—Ä–æ—Ä–µ—à–∞–ª –≤—Å–µ –∏—Ö –∑–∞–¥–∞—á–∏, –∂–µ–Ω–∞ –≥–æ–≤–æ—Ä–∏—Ç –ø–æ-–ª—é–±—é–º—É –¥—Ä—É–≥–∏–µ –±—É–¥—É—Ç, –Ω–æ —è –ø—Ä–æ—Ä–µ—à–∞–ª)) –í –∏—Ç–æ–≥–µ –Ω–∞ –∑–∞—á—ë—Ç–µ –æ—Å—Ç–∞–ª–æ—Å—å –ø–µ—Ä–µ–ø–∏—Å–∞—Ç—å üòä"
916697613,"–ù—É —è –≥–¥–µ-—Ç–æ —á–µ—Ä–µ–∑ –ø–æ–ª—á–∞—Å–∞ —Å–¥–∞–ª, –ø–æ—Å–ª–µ –Ω–∞—á–∞–ª–∞ –∑–∞—á–µ—Ç–∞"
355018531,–ù–µ —É –≤—Å–µ—Ö
916697613,"–ê–≥–∞, –ø—Ä–æ–≤–µ—Ä–∏–ª —É –≤—Ç–æ—Ä–æ–π –≥—Ä—É–ø–ø—ã"
806990361,–ù–µ–º–∞
355018531,–ö–æ–º–º–µ–Ω—Ç–∞—Ä–∏–µ–≤ –Ω–µ—Ç?
806990361,"–≤–µ—Ä–Ω–æ —Ç—Ä–∏, –Ω–∞–≤–µ—Ä–Ω–æ–µ"
806990361,–∞—Ö—Ö–∞—Ö–∞
806990361,3-4 –Ω–µ –∑–Ω–∞—é
1001969626,–ê —Å–∫–æ–ª—å–∫–æ –∑–∞–¥–∞—á –±—ã–ª–æ —Ä–µ—à–µ–Ω–æ?
806990361,"–æ–ø–∞–∞–∞–∞, –¥–æ–±—Ä—ã–µ –ª—é–¥–∏ –ø–æ—Å—Ç–∞–≤–∏–ª–∏ –∑–∞—á–µ—Ç))))"
583625723,–õ–∏—à—å –±—ã –Ω–µ –∑–∞–ß–∏—â–∞—Ç—å )
549661489,"–ù—É –ª—É—á—à–µ –≤ –¥–µ–∫—Ä–µ—Ç –æ—Ç–ø—Ä–∞–≤–∏—Ç—å, —á–µ–º —Ä–æ–¥–∏–Ω—É –∑–∞—â–∏—â–∞—Ç—å)"
549661489,–ù–∞–ø–∏—à–∏ –§–∏–ª–µ–≤–æ–π)
355018531,–í–∏–¥–∏–º–æ –∏—Å–∫–∞–ª–∞ —Å–µ–±—è)
741613157,"–£ –Ω–µ—ë –≤–æ–æ–±—â–µ –∏–Ω—Ç–µ—Ä–µ—Å–Ω–∞—è –±–∏–æ–≥—Ä–∞—Ñ–∏—è: –æ—Ç—É—á–∏–ª–∞—Å—å –Ω–∞ —ç–∫–æ–ª–æ–≥–∞, —Å–º–µ–Ω–∏–ª–∞ –Ω–µ—Å–∫–æ–ª—å–∫–æ –ø—Ä–æ—Ñ–µ—Å—Å–∏–π, –ø–æ—Å–ª–µ–¥–Ω—è—è –±—ã–ª–∞ –≥—Ä—É–º–º–µ—Ä–æ–º"
355018531,–ü–æ–Ω—è–ª)
583625723,"–î–∞ –ª–∞–¥–Ω–æ, –ø–æ—Ç–æ–º –≤—Ç—è–Ω–µ—à—å—Å—è, –∫–∞–∫ –∫–æ—à–∫–∞ –≤ –ø—ã–ª–µ—Å–æ—Å üòÉ"
355018531,–ù–µ –æ—Å–æ–±–æ —Ö–æ—á–µ—Ç—Å—è)
741613157,–¢–∞–∫ —Ç–∞–º –±–µ—Ä—É—Ç –≤ –æ—Å–Ω–æ–≤–Ω–æ–º —Å—Ç—É–¥–µ–Ω—Ç–æ–≤ –∫–æ—Ç–æ—Ä—ã–µ –Ω–∞ –ø—Ä–æ–≥—Ä–∞–º–º–∏—Å—Ç–æ–≤ –Ω–µ –ø–æ—Ç—è–Ω—É–ª–∏
583625723,–õ—É—á—à–µ –ø–æ–∏–Ω—Ç–µ—Ä–µ—Å—É–π—Ç–µ—Å—å –ó–ü –¥–µ–ø–∏–ª—è—Ç–æ—Ä(—à) –∑–æ–Ω—ã –±–∏–∫–∏–Ω–∏ üòÇ
741613157,"–ê –ø–æ—Ç–æ–º –ª–∏–±–æ –ø—Ä–æ–±–∏–≤–∞—Ç—å—Å—è –≤ –ø—Ä–æ–≥—Ä–∞–º–º–∏—Å—Ç—ã, –ª–∏–±–æ –≤ –º–µ–Ω–µ–¥–∂–µ—Ä—ã –ø—Ä–æ–µ–∫—Ç–∞"
827053482,"–ú–æ–∂–Ω–æ –≤–∞—Å –æ—Ç–≤–ª–µ—á—å, –∫—Ç–æ –Ω–∞—à–µ–ª –º–æ–¥–µ—Ä–∞—Ç–æ—Ä–æ–≤ –ø–æ —Ö–∞–∫–∞—Ç–æ–Ω—É? –æ–Ω–∏ –∂–µ –º–µ–Ω—Ç–æ—Ä—ã?"
583625723,"–î–µ–≤—É—à–∫—É –¥–æ 25 –ª–µ—Ç –≤–æ–∑—å–º—É—Ç –∫—É–¥–∞ —É–≥–æ–¥–Ω–æ, –∞ –≤–æ—Ç –º—É–∂–∏–∫–∞–º –∑–∞ 50 –ø—Ä–æ–±–ª–µ–º–∞—Ç–∏—á–Ω–µ–µ —É—Å—Ç—Ä–æ–∏—Ç—å—Å—è ))"
355018531,–ø–æ–π—Ç–∏ –Ω–∞ 50–∫ —Ç–∞–∫–æ–µ —Å–µ–±–µ)
355018531,–≤–µ—â—å –Ω–µ –∏–∑ –¥–µ—à–µ–≤—ã—Ö)
880582901,–ê –¥–µ–∫—Ä–µ—Ç-–¥–µ—Ç–∏-—Å–æ–ø–ª–∏-–±–æ–ª—å–Ω–∏—á–Ω—ã—Ö –Ω–µ –±–æ—è—Ç—Å—è?
741613157,"–ù—É –ø–æ—á–µ–º—É, –Ω–∞ –∞–Ω–∞–ª–∏—Ç–∏–∫–∞ –±–µ–∑ –æ–ø—ã—Ç–∞ —Ä–∞–±–æ—Ç—ã –≤ it –Ω–æ —Å –æ–±—Ä–∞–∑–æ–≤–∞–Ω–∏–µ–º –∏ —Å—Ç–æ—Ä–æ–Ω–Ω–∏–º –±–µ–∫–≥—Ä–∞—É–Ω–¥–æ–º –±–µ–∑ –ø—Ä–æ–±–ª–µ–º –º–æ–∂–Ω–æ –ø–æ–π—Ç–∏"
355018531,–ù—É –∫ –ø—Ä–∏–º–µ—Ä—É –Ω–æ—Ä–º –≥—Ä—É–º–º–µ—Ä—ã –≤ –∫—Ä–∞—Å–µ 150–∫ –∑–∞—Ä–∞–±–∞—Ç—ã–≤–∞—é—Ç)
880582901,üò¢
741613157,–î–ª—è –°–ø–± –≤—Ä–æ–¥–µ –Ω–∏–∂–µ —Å—Ä–µ–¥–Ω–µ–≥–æ
549661489,"–ù—É –ø—Ä–∏ –ø—Ä–æ—á–∏—Ö —Ä–∞–≤–Ω—ã—Ö, —à–∞–Ω—Å–æ–≤, —á—Ç–æ –≤–æ–∑—å–º—É—Ç –¥–µ–≤—É—à–∫—É –ª–µ—Ç 25 –±–æ–ª—å—à–µ, —á–µ–º –ª—é–±–æ–≥–æ –º—É–∂–∏–∫–∞))"
741613157,"–ñ–µ–Ω–∞—Ç, –Ω–æ –æ—Ç–Ω–æ—à–µ–Ω–∏—è —Å–∫–æ—Ä–µ–µ —Å–≤–æ–±–æ–¥–Ω—ã–µ"
741613157,–ù–∞ –æ—Å–Ω–æ–≤–Ω–æ–π —Ç–µ—Å—Ç–µ—Ä–∞–º –ø–ª–∞—Ç—è—Ç –æ—Ç 90–∫
583625723,"–ì–ª–∞–≤–Ω–æ–µ, —á—Ç–æ–±—ã –Ω–µ —á–µ—Ä–µ–∑ backdoor üòÅ"
880582901,"–ê –º—ã —Ç—É—Ç —É—á–∏–º –º–∞—Ç–µ–º–∞—Ç–∏–∫—É, –æ–∫–∞–∑—ã–≤–∞–µ—Ç—Å—è –∫–∞–∫ –Ω—É–∂–Ω–æ –±—ã–ª–æ"
583625723,üòÇüòÇüòÇ
880582901,–í –∞–π—Ç–∏ - —á–µ—Ä–µ–∑ –ø–æ—Å—Ç–µ–ª—å)
583625723,"–ó–Ω–∞—á–∏—Ç, –≤ –¥–µ—Ñ–æ–ª—Ç —Å–∏—Ç–∏ –∏ –ø–æ–±–æ–ª–µ–µ –º–æ–∂–Ω–æ –ø—Ä–æ—Å–∏—Ç—å"
880582901,–•–æ–ª–æ—Å—Ç?
583625723,"–£ –Ω–∞—Å —É –ø–æ–ª–æ–≤–∏–Ω—ã —Å–æ—Ç—Ä—É–¥–Ω–∏–∫–æ–≤ —Ç–∞–∫–∏–µ ""–¥–æ—Å—Ç–∏–∂–µ–Ω–∏—è"" üòÇ"
880582901,–°–æ —Å—Ç–æ—Ä–æ–Ω—ã –∫–∞–∂–µ—Ç—Å—è –∫–∞–∫ 2 –ø–∞–ª—å—Ü–∞ –æ–± –∞—Å—Ñ–∞–ª—å—Ç
880582901,"–•–æ—Ç—è —è –Ω–µ QA, –Ω–µ –∑–Ω–∞—é –æ—Å–æ–±–æ –∫—É—Ö–Ω—é –Ω–∞–π–º–∞"
880582901,"–≠—Ç–æ –¥–∞, –Ω—É–∂–Ω–æ –≤—ã—Å–æ—Å–∞—Ç—å –∏–∑ –ø–∞–ª—å—Ü–∞ —Ö–æ—Ç—è–±—ã –ø–æ–ª –≥–æ–¥–∞ –æ–ø—ã—Ç–∞ + —Ö–æ—Ä–æ—à–æ —Å–æ—Å—Ç–∞–≤–∏—Ç—å —Ä–µ–∑—é–º–µ"
339897801,QA –¥–∞
549661489,–°–ª–æ–∂–Ω–æ –¥–∞–∂–µ –ø–æ–ø–∞—Å—Ç—å –Ω–∞ –Ω–µ–≥–æ üòÅ
741613157,"–ù–æ –∏–º –¥–∞–∂–µ –ª–µ–∫—Ü–∏–∏ –ø–æ –û–°, Java, multithreading —á–∏—Ç–∞–µ—Ç —á–µ–ª –∏–∑ Computer Science Center"
153293033,–∫–ª–∞—Å—Å–∏—á–µ—Å–∫–∏–µ —Ä–ø–≥ –Ω–∞ –∞–Ω–≥–ª–∏–π—Å–∫–æ–º –ª—É—á—à–µ –ª—é–±—ã—Ö —É—á–µ–±–Ω–∏–∫–æ–≤
741613157,"–ù—É –¥–∞, —Ç–∞–º —É —Ç–µ—Å—Ç–µ—Ä–æ–≤ –∫–∞–∫ –ø—Ä–æ—Ö–æ–¥–Ω–æ–π –¥–≤–æ—Ä"
880582901,"–ê–∞, –º–∞–ª–æ–≤–∞—Ç–æ, –Ω–æ –¥–ª—è –ø–µ—Ä–≤–æ–π —Ä–∞–±–æ—Ç—ã –Ω–æ—Ä–º"
153293033,—è –Ω–∞ –∫–æ–º–ø—é—Ç–µ—Ä–Ω—ã—Ö –∏–≥—Ä–∞—Ö –ø–æ–≤—ã—à–∞–ª (—è —Å–µ—Ä—å–µ–∑–Ω–æ) + –±—É—Ö–∞–ª —Ç–æ–≥–¥–∞ –º–Ω–æ–≥–æ —Å–æ —Å—Ç—É–¥–µ–Ω—Ç–∞–º–∏ —Å –µ–≤—Ä–æ–ø—ã –∏ –∞–º–µ—Ä–∏–∫–∏
741613157,50–∫ –¥–ª—è –ü–∏—Ç–µ—Ä–∞
741613157,"–í—Ä–æ–¥–µ –Ω–æ—Ä–º–∞–ª—å–Ω–æ, –Ω–∞—á–∞–ª—å–Ω–∏–∫ –æ—Ç–Ω–æ—Å–∏—Ç–µ–ª—å–Ω–æ –º–æ–ª–æ–¥, –ë–ú–í, –∫–≤–∞—Ä—Ç–∏—Ä–∞ –≤ —Ü–µ–Ω—Ç—Ä–µ, –∑–∞–≥–æ—Ä–æ–¥–Ω—ã–π –¥–æ–º"
741613157,–ù–∞ –ø—Ä–æ—à–ª–æ–π –±–µ—Ä—É—Ç –≤—Å–µ—Ö –≤ —Ç–µ—Å—Ç–∏—Ä–æ–≤—â–∏–∫–∏ –Ω–æ –∑–∞—Ä–ø–ª–∞—Ç–∞ –Ω–µ –∞—Ö—Ç–∏
880582901,"–Ø –¥—É–º–∞–ª, —á—Ç–æ —Ç–∞–∫–æ–≥–æ –Ω–µ –º–æ–∂–µ—Ç –±—ã—Ç—å) –∞ –∫–∞–∫ –¥–µ–≤—É—à–∫–∏? –ù–µ —É–≤–æ–ª—å–Ω—è—é—Ç—Å—è –∏–∑-–∑–∞ —ç—Ç–æ–≥–æ?"
741613157,"–û–Ω–∏ –Ω–µ –∂–∞–ª—É—é—Ç—Å—è, –ø–æ–ª–≥–æ–¥–∞ –¥–µ–≤—É—à–∫—É –≤–∑—è–ª–∏ –ø–æ—Å–ª–µ –∫—É—Ä—Å–æ–≤ —Ç–µ—Å—Ç–∏—Ä–æ–≤—â–∏–∫–∞ –æ–Ω–∞ –¥–æ —ç—Ç–æ–≥–æ —Ä–∞–±–æ—Ç–∞–ª–∞ –≥—Ä—É–º–º–µ—Ä–æ–º"
880582901,–ñ–µ—Å—Ç—å))
880582901,–í–æ—Ç –Ω–∞—Å—á—ë—Ç –∞–Ω–≥–ª–∏–π—Å–∫–æ–≥–æ - –º–æ–µ –º–Ω–µ–Ω–∏–µ - –µ—Å–ª–∏ —É–º–µ–µ—Ç –æ—Ç–∫—Ä—ã–≤–∞—Ç—å –≥—É–≥–ª –ø–µ—Ä–µ–≤–æ–¥—á–∏–∫ –∏ –∫–∞–∫ —Ç–æ –≤–Ω—è—Ç–Ω–æ –ø–æ–Ω–∏–º–∞—Ç—å –¥–æ–∫—É - —Ç–æ —Ö–≤–∞—Ç–∏—Ç. –ï—Å–ª–∏ –Ω–µ –ø—Ä–µ—Ç–µ–Ω–¥—É–µ—Ç –Ω–∞ —É–¥–∞–ª–µ–Ω–∫—É –≤ –∑–∞—Ä—É–±–µ–∂–Ω—ã—Ö –∫–æ–º–ø–∞–Ω–∏—è—Ö
741613157,–°–µ–∫—Å–∏–∑–º –∏ —ç–¥–∂–∏–∑–º. –ù–∞—á–∞–ª—å–Ω–∏–∫ –ª—é–±–∏—Ç —Å –Ω–∏–º–∏ –ø–æ –∫–∞–±–∞–∫–∞–º –∑–∞–≤–∏—Å–∞—Ç—å
880582901,–≠–π–¥–∂–∏–∑–º?)
583625723,"–ó–Ω–∞–µ—Ç, B1, –º–æ–∂–µ—Ç –ø–æ–¥—Ç—è–Ω—É—Ç—å –¥–æ B2, –ø–æ–¥—Å–∫–∞–∂–∏, –ø–ª–∑"
741613157,–£ –º–µ–Ω—è –Ω–∞ –æ—Å–Ω–æ–≤–Ω–æ–π —Ä–∞–±–æ—Ç–µ –≤ —Ç–µ—Å—Ç–∏—Ä–æ–≤—â–∏–∫–∏ –Ω–∞—á–∞–ª—å—Å—Ç–≤–æ –±–µ—Ä–µ—Ç –¥–µ–≤—É—à–µ–∫ –¥–æ 24
880582901,"–°–ª–æ–∂–Ω–æ –Ω–∞–≤–µ—Ä–Ω–æ —Ç–æ–ª—å–∫–æ –ø—Ä–æ–π—Ç–∏ —Å–æ–±–µ—Å, –∞ —Ä–∞–±–æ—Ç–∞ –ø–æ –º–æ–µ–º—É –º–Ω–µ–Ω–∏—é –ª–∞—Ñ–∞"
880582901,"–ö–∞–∫ –ø–æ–Ω—è–ª, —á–µ–ª —Ö–æ—á–µ—Ç –ø–æ–π—Ç–∏ –≤ QA? 
–Ø –±—ã –ø–æ—Å–æ–≤–µ—Ç–æ–≤–∞–ª –Ω–∞–π—Ç–∏ –≤ —Ä—É—Ç—Ä–µ–∫–µ—Ä–µ –∏–ª–∏ –Ω–∞ —é—Ç—É–±–µ –∫—É—Ä—Å—ã –∏ –ø–æ–ø—Ä–æ–±–æ–≤–∞—Ç—å –ø—Ä–æ–π—Ç–∏.
–¢–∞–º –Ω–µ –æ—Å–æ–±–æ —Å–ª–æ–∂–Ω–æ, –µ—Å–ª–∏ —á–µ–ª —Å –∫–æ–º–ø–æ–º –¥—Ä—É–∂–∏—Ç —Ç–æ –¥—É–º–∞—é –º–æ–∂–Ω–æ —á—Ç–æ —Ç–æ –Ω–∞–π—Ç–∏.
–í–æ—Ç –¥–ª—è –≤–µ–±–∞:
- –ª–∏–Ω—É–∫—Å (–∫–æ–º–∞–Ω–¥–Ω–∞—è —Å—Ç—Ä–æ–∫–∞) –∏ —É—Ç–∏–ª–∏—Ç—ã –≤—Å—è–∫–∏–µ —Ç–∏–ø–∞ curl, vim –∏—Ç–¥
-  postman, –¥—ë—Ä–≥–∞—Ç—å API, –∏–Ω—Å—Ç—Ä—É–º–µ–Ω—Ç —Ä–∞–∑—Ä–∞–±–æ—Ç—á–∏–∫–∞ –≤ —Ö—Ä–æ–º–µ. 
- –Ω–∞–ø–∏—Å–∞—Ç—å —Ç–µ—Å—Ç–∫–µ–π—Å—ã
- —Ç–∏–ø—ã —Ç–µ—Å—Ç–∏—Ä–æ–≤–∞–Ω–∏—è (—Å–º–æ–∫, —Ä–µ–≥—Ä–µ—Å—Å, –∏ –ø—Ä–æ—á–µ–µ)
- –Ω—É –∏ –ø—Ä–µ–¥–º–µ—Ç–Ω–∞—è –æ–±–ª–∞—Å—Ç—å ( –æ—Å–Ω–æ–≤—ã python, php –∏–ª–∏ –Ω–∞ —á–µ–º –ø–∏—à—É—Ç –ø—Ä–æ–µ–∫—Ç), –¥—É–º–∞—é –æ—Å–Ω–æ–≤—ã –ø–∏—Ç–æ–Ω–∞ –º–∞—Å—Ç —Ö–µ–≤."
153293033,"—è —â–∞ –¥–∂–∞–≤—É –Ω–∞ codecademy —É—á—É —ç—Ç–æ –ø–ª–∞—Ç–Ω—ã–µ –∏–Ω—Ç–µ—Ä–∞–∫—Ç–∏–≤–Ω—ã–µ –∑–∞–¥–∞—á–Ω–∏–∫–∏, —è —Ö–∑ –ø–æ—á–µ–º—É –ø—Ä–æ –Ω–∏—Ö –Ω–∏–∫—Ç–æ –Ω–µ –≥–æ–≤–æ—Ä–∏—Ç"
153293033,—è –ø–æ—Å–ª–µ –≥–æ–¥–∞ –∫—É—Ä—Å–æ–≤ –ø–æ–Ω—è–ª —á—Ç–æ —É–∂–µ –≤ —Ç—Ä–µ—Ç—å–µ–º —Ä–∞–∑–¥–µ–ª–µ –Ω–µ –º–æ–≥—É —Ä–µ—à–∏—Ç—å –Ω–∏ –æ–¥–Ω–æ–π –∑–∞–¥–∞—á–∏
153293033,"—Å –∞–Ω–≥–ª–∏–π—Å–∫–æ–≥–æ. –µ—Å–ª–∏ –∑–Ω–∞–µ—Ç –º–æ–≥—É –ø–æ–¥—Å–∫–∞–∑–∞—Ç—å –æ–¥–∏–Ω —É—á–µ–±–Ω–∏–∫ –ø–æ –¥–∂–∞–≤–∞ , –∏ –µ—Å–ª–∏ –æ–Ω –ø—Ä–æ—Ä–µ—à–∞–µ—Ç —Ç–∞–º –≤—Å–µ –∑–∞–¥–∞—á–∏ —Ç–æ –ø—Ä—è–º —Ö–æ—Ä–æ—à–æ –≤—ã—É—á–∏—Ç—Å—è ‚Äî thinking in java"
583625723,–ê —Å —á–µ–≥–æ –µ–º—É –ª—É—á—à–µ –Ω–∞—á–∞—Ç—å?
153293033,"–≥–ª–∞–≤–Ω–æ–µ –Ω–µ —É—á–∏—Ç—å –Ω–∏—á–µ–≥–æ –Ω–∞ –∫—É—Ä—Å–∞—Ö, —ç—Ç–æ –ø—É—Å—Ç–∞—è —Ç—Ä–∞—Ç–∞ –≤—Ä–µ–º–µ–Ω–∏"
549661489,"–¢—É—Ç –¥–≤–∞ –≥–æ–¥–∞ —É—á–∏—à—å—Å—è –∑–∞ –Ω–æ—Ä–º –¥–µ–Ω—å–≥–∏ –∏ —Ç–æ –Ω–µ —Ñ–∞–∫—Ç, —á—Ç–æ –≤–æ–∑—å–º—É—Ç))"
583625723,"–ü–æ—è—Å–Ω—é: —á–µ–ª–æ–≤–µ–∫ —Ä–∞–Ω—å—à–µ —Å –ò–¢ –Ω–µ –±—ã–ª —Å–≤—è–∑–∞–Ω, –ø–æ –æ–±—Ä–∞–∑–æ–≤–∞–Ω–∏—é - –∏–Ω–∂–µ–Ω–µ—Ä-—Ç–µ—Ö–Ω–æ–ª–æ–≥ —à–≤–µ–π–Ω–æ–π –ø—Ä–æ–º—ã—à–ª–µ–Ω–Ω–æ—Å—Ç–∏, —Ä–∞–±–æ—Ç–∞–µ—Ç HR-–æ–º, —Ö–æ—á–µ—Ç —Ä–∞–±–æ—Ç–∞—Ç—å –∏–∑ –¥–æ–º–∞ (—ç—Ç–æ –∫—Ä–∏—Ç–∏—á–Ω–æ), –≤—ã—Å–æ–∫–∞—è –ó–ü –Ω–µ –∫—Ä–∏—Ç–∏—á–Ω–∞. –£—á–∏—Ç—å—Å—è –Ω–∞ –∫—É—Ä—Å–∞—Ö –≥–æ—Ç–æ–≤."
153293033,–µ–¥–∏–Ω—Å—Ç–≤–µ–Ω–Ω–æ–µ –∫—É–¥–∞ —Ä–µ–∞–ª—å–Ω–æ —É—Å—Ç—Ä–æ–∏—Ç—å—Å—è —ç—Ç–æ –Ø–Ω–¥–µ–∫—Å
153293033,130 –æ—Ç–∫–∞–∑–æ–≤ –Ω–∞ 2 —Ç–µ—Å—Ç–æ–≤—ã—Ö
355018531,–û—Ç—É—á–∏—Ç—å—Å—è –∏ –≤ —Å—Ñ–µ—Ä—É —ç—Ç—É –ø–æ–π—Ç–∏ üòÅ
339897801,"–ò–º–µ–µ—à—å –≤–≤–∏–¥—É, —á—Ç–æ —Å–µ–π—á–∞—Å –ø–æ –º–Ω–µ–Ω–∏—é —É—á–∞—Å—Ç–Ω–∏–∫–æ–≤ –≤–æ—Å—Ç—Ä–µ–±–æ–≤–∞–Ω–æ?! —Ç–µ—Å—Ç–∏—Ä–æ–≤—â–∏–∫–æ–≤ –º–Ω–æ–≥–æ), –∏–ª–∏ —Ç—ã –∏–º–µ–µ—à—å –≤–≤–∏–¥—É —Å –Ω—É–ª—è –Ω–∞ —É–¥–∞–ª–µ–Ω–∫—É –±–µ–∑ –∫—É—Ä—Å–æ–≤ –∏ —Ç–¥?"
583625723,–ê –∫–∞–∫–æ–π –¥–∏–∞–ø–∞–∑–æ–Ω –∑–∞—Ä–ø–ª–∞—Ç? –ò–ª–∏ —ç—Ç–æ —á–∏—Å—Ç—ã–π —Ñ—Ä–∏–ª–∞–Ω—Å?
549661489,"–ë–µ–∑ –∑–Ω–∞–∫–æ–º—Å—Ç–≤, –¥–ª—è –∑–∞—Ä–ø–ª–∞—Ç—ã, –Ω–∞ –∫–æ—Ç–æ—Ä—É—é –º–æ–∂–Ω–æ –ø—Ä–æ–∂–∏—Ç—å - –Ω–µ—Ä–µ–∞–ª—å–Ω–æ"
583625723,"—á–µ–ª–æ–≤–µ–∫ —Ö–æ—á–µ—Ç –ø–µ—Ä–µ–∫–≤–∞–ª–∏—Ñ–∏—Ü–∏—Ä–æ–≤–∞—Ç—å—Å—è —Å –Ω—É–ª—è –Ω–∞ —É–¥–∞–ª—ë–Ω–Ω—É—é —Ä–∞–±–æ—Ç—É. –ù–∞–ø—Ä–∏–º–µ—Ä, —Ç–µ—Å—Ç–∏—Ä–æ–≤—â–∏–∫ –ü–û, –∏–≥—Ä –∏ —Ç.–ø.
–ü–æ–¥—Å–∫–∞–∂–∏—Ç–µ, –∫—Ç–æ —Å—Ç–∞–ª–∫–∏–≤–∞–ª—Å—è, –Ω–∞—Å–∫–æ–ª—å–∫–æ —ç—Ç–æ –≤–æ—Å—Ç—Ä–µ–±–æ–≤–∞–Ω–Ω–æ —Å–µ–π—á–∞—Å –Ω–∞ —Ä—ã–Ω–∫–µ IT?"
583625723,–ö–∞–º–Ω–∏ —É—Ç—è–Ω—É—Ç –Ω–∞ –¥–Ω–æ –∏ –æ—Å—Ç–∞–ª—å–Ω—ã—Ö
549661489,–ü–æ–ø—Ä–æ–±—É–π –≤ –¥—Ä—É–≥—É—é –∫–æ–º–∞–Ω–¥—É –ø–æ–ø—Ä–æ—Å–∏—Ç—å—Å—è —á–µ—Ä–µ–∑ –°–æ–∑—ã–∫–∏–Ω–∞
387370383,—É–≥—É
355018531,–¥–∞–∂–µ –≤ —Å–ª–∞–∫ –Ω–µ –≤—ã—à–ª–∏ –Ω–∞ —Å–≤—è–∑—å?
355018531,–¢–∞–º —Å—É—Ç—å –≤ –ø—Ä–æ–±–µ —É—á–∞—Å—Ç–∏—è
387370383,"–ö–∞–∫ –¥—É–º–∞–µ—Ç–µ,–ø–æ —Ö–∞–∫–∞—Ç–æ–Ω—É –≤—Å–µ–º –∞–≤—Ç–æ–º–∞—Ç –ø–æ—Å—Ç–∞–≤—è—Ç –∏ –º–æ–∂–Ω–æ –Ω–µ –ø–∞—Ä–∏—Ç—Å—è? –£—á–∏—Ç—ã–≤–∞—è, —á—Ç–æ —Ç–æ–ª—å–∫–æ –Ω–µ—Å–∫–æ–ª—å–∫–æ –∫–æ–º–∞–Ω–¥ –≤ —Ñ–∏–Ω–∞–ª –ø—Ä–æ–π–¥–µ—Ç, –Ω–µ –º–æ–≥—É—Ç –∂–µ –æ—Å—Ç–∞–ª—å–Ω—ã—Ö –∑–∞–≤–µ—Ä–Ω—É—Ç—å. 

–£ –º–µ–Ω—è –∏–∑ –∫–æ–º–∞–Ω–¥—ã 3 —á–µ–ª–æ–≤–µ–∫–∞ —Ç–∞–∫ –∏ –Ω–µ –≤—ã—à–ª–∏ –Ω–∞ —Å–≤—è–∑—å, –¥–∞ –∏ –æ—Ñ–æ—Ä–º–ª–µ–Ω–∏–µ–º —è –∑–∞–Ω–∏–º–∞—é—Å—å –æ–¥–∏–Ω, —Ñ–æ—Ç–∫–∏ –¥–ª—è –æ–±—É—á–µ–Ω–∏—è —Ç–æ–∂–µ —Å–∞–º –Ω–∞—à–µ–ª."
387370383,"–∫—Ç–æ-–Ω–∏–±—É–¥—å –Ω–∞—à–µ–ª, –∫–æ–º—É –ø–æ —Ö–∞–∫–∞—Ç–æ–Ω—É –∏–¥–µ–∏ —Å–∫–∏–¥—ã–≤–∞—Ç—å?"
741613157,"–í–æ–¥–∞ –∏–∑-–ø–æ–¥ –∫—Ä–∞–Ω–∞ –∏ —Ç—É–∞–ª–µ—Ç–Ω–∞—è –±—É–º–∞–≥–∞ –¥–ª—è —Å–æ—Ç—Ä—É–¥–Ω–∏–∫–æ–≤ - –±–µ—Å–ø–ª–∞—Ç–Ω–æ | –ü–∏–∫–∞–±—É
https://pikabu.ru/story/voda_izpod_krana_i_tualetnaya_bumaga_dlya_sotrudnikov__besplatno_9825433"
355018531,"–¢–æ –µ—Å—Ç—å —Å–æ–∑–¥–∞—ë—à—å —Ä–µ–ø–æ, –∑–∞–∫–∏–¥—ã–≤–∞–µ—à—å —Ñ–∞–π–ª –∏ –Ω–∞ —Å–µ—Ä–≤–µ—Ä–µ —Å—Ç—Ä–∏–º–ª–∏—Ç –¥–∞—ë—à—å —Å—Å—ã–ª–∫—É –Ω–∞ –≥–∏—Ç –≤ –≤–∏–¥–µ http"
355018531,–ü—Ä–æ—Å—Ç–æ –∑–∞–≥—Ä—É–∑–∏ –µ–≥–æ —Ç—É–¥–∞ –∏ –ø–æ–¥—Ç—è–Ω–∏ —Å—Ç—Ä–∏–º–ª–∏—Ç
153293033,
153293033,"–≥–ª–∞–≤–Ω–æ–µ –±—ã—Ç—å –Ω–µ –∫–∞–∫ –≤—Å–µ, –∫–æ–Ω—á–µ–Ω–æ"
153293033,–∞ —á–æ —É –º–µ–Ω—è –æ–¥–Ω–æ–≥–æ 40 –±–∞–ª–ª–æ–≤ –∏ —É–¥–æ–≤–ª–µ—Ç–≤–æ—Ä–∏—Ç–µ–ª—å–Ω–æ?
840841305,"–ü–æ–¥—Å–∫–∞–∂–∏—Ç–µ –ø–æ–∂–∞–ª—É–π—Å—Ç–∞ –∫–∞–∫ —Å–¥–µ–ª–∞—Ç—å —Ç–∞–∫, —á—Ç–æ–±—ã –∫–æ–¥ —Å –≥—É–≥–ª –∫–æ–ª–ª–∞–± —Ä–∞–±–æ—Ç–∞–ª –Ω–∞ –≥–∏—Ç—Ö–∞–±–µ? –í–æ–ø—Ä–æ—Å –≤ —Ç–æ–º —á—Ç–æ –≤–µ–± –ø—Ä–∏–ª–æ–∂–µ–Ω–∏–µ –Ω–∞ —Å—Ç—Ä–∏–º–ª–∏—Ç–µ –±–µ—Ä–µ—Ç –¥–∞–Ω–Ω—ã–µ —Å –≥–∏—Ç—Ö–∞–±"
355018531,"–î–∞, –∑–∞—á–µ—Ç"
880582901,–≤—Å–µ —Ä–∞–≤–Ω–æ —Ç–æ–ª—å–∫–æ –∑–∞—á–µ—Ç? –û—Ü–µ–Ω–∫–∏ –∂–µ –Ω–µ –±—É–¥–µ—Ç?
1142697803,"–•–æ—Ä–æ—à–æ. –ó–∞—Ç—è–Ω—É–ª —Å –æ—Ñ–æ—Ä–º–ª–µ–Ω–∏–µ–º –ø–µ—Ä–≤—ã—Ö –∑–∞–¥–∞—á –∏ —Ç—É–ø–æ –Ω–µ —É–ª–æ–∂–∏–ª—Å—è –≤ —Ç–∞–π–º–∏–Ω–≥ (–¥–∞–∂–µ –Ω–µ –ø–æ–Ω—è–ª, –∫–∞–∫ –ø—Ä–æ–ª–µ—Ç–µ–ª–∏ –ø–æ–ª—Ç–æ—Ä–∞ —á–∞—Å–∞...). –û–¥–Ω—É –∑–∞–¥–∞—á—É –Ω–µ —É—Å–ø–µ–ª —Ä–µ—à–∏—Ç—å."
1001969626,–ß—Ç–æ –ø–æ—Å—Ç–∞–≤–∏–ª–∏? –û—Ç–ª? ))
1142697803,"–í–æ–ø—Ä–æ—Å —Å–Ω–∏–º–∞–µ—Ç—Å—è, –æ—Ü–µ–Ω–∫—É —Ç–æ–ª—å–∫–æ —á—Ç–æ –ø–æ—Å—Ç–∞–≤–∏–ª–∏)"
1142697803,"–ß—Ç–æ-—Ç–æ —Ö—Ä–µ–Ω—å –∫–∞–∫–∞—è-—Ç–æ, —Å–¥–∞–≤–∞–ª –≤ 1–π –≥—Ä—É–ø–ø–µ –∏ –¥–æ —Å–∏—Ö –ø–æ—Ä –Ω–µ—Ç –æ—Ü–µ–Ω–∫–∏. –ù–∞–ø–∏—à–∏—Ç–µ –∫—Ç–æ-–Ω–∏—Ç—å, —É –∫–æ–≥–æ —Ç–∞–∫–∞—è –∂–µ —Å–∏—Ç—É–∞—Ü–∏—è. –ï—Å—Ç—å –∫—Ç–æ-—Ç–æ –∏–∑ –≤—Ç–æ—Ä–æ–π –≥—Ä—É–ø–ø—ã —É–∂–µ —Å –æ—Ü–µ–Ω–∫–æ–π?"
